alpha,beta,N,n,h,c,mean_n,std_n,alpha_hat,beta_hat,u_star,u_star_hat,z,u,optimal_cost,actual_cost,intervals_str
3,2,7,5,0.13333333333333333,25,5.66502790882746,2.0647386933702925,8,0.7525374879896829,24.25501108,29.9272394,0.8104660358348988,44.34732913814003,2.678975741085338,1.9226786317520042,6.776855943703113_5.896327621926355_7.885096539276001_5.381100145924954_2.3857592933068767_2.0346046840581193_4.460138952995058_9.170382858606336_5.18529874440349_7.828470329638824_8.331943236437999_7.336490332000205
3,1,6,5,0.13333333333333333,30,2.22586711720418,1.5923493804322824,2,1.1391410249808203,8.70905977,5.26215243,1.6550375318565218,11.859667158112787,0.42008098508170494,0.8796686304150382,3.036104877300124_4.597785905370493_0.97695439572384_1.7236391094257013_0.794851298200742_2.1963668387997615_2.644678929331277_2.3699491258460776_1.3553827552963669_2.2400381792535784_1.0532513295857258
2,6,6,5,0.06666666666666667,10,9.962764544173767,5.213371182192432,4,2.7280820461835527,40.36326686,42.46531954,0.950499544033338,69.9525840751026,1.972621147673507,1.8324843023401736,7.879913037393136_12.27975842250213_7.114878031059623_17.88340779679358_4.655865433120363_6.000620774163137_2.9008484230423646_20.070317357707204_13.200283549166155_20.732568565572343_7.047945405451404
3,4,6,5,0.13333333333333333,30,10.986398152788146,2.0078256248316038,30,0.36694134726105243,41.87353942,54.53542853,0.7678226897394842,64.68234090325547,3.0411735311007284,1.3529216497673957,11.274739173848165_10.896847218794615_8.100273239163956_10.899384995034554_13.76074613709944_20.259963806279064_12.398209032133213_9.185017824035477_7.2314125178257775_8.485052176354426_7.122685546627508
3,6,5,5,0.13333333333333333,25,20.661498154673215,15.85389691398763,2,12.164947840556133,53.45376501,70.01831899,0.7634254261036209,54.9694481794717,0.20209108926289332,25.0,45.72400212713191_22.872524896454962_3.587664072926678_11.764695212246188_19.35860446460633_11.928500015385538_20.92729888294685_7.845391468945422_4.007161056300129_10.261096755893764
2,4,6,5,0.06666666666666667,20,7.379893261470784,2.1941120894871045,11,0.6523302831989782,21.69466998,30.57004142,0.7096709383522976,36.76182434883526,1.0044769579223507,0.4127855285890175,5.59593394364662_10.150144659373687_9.186278396695007_6.770052434650258_5.197056872988347_9.133999696349138_6.6859330908434655_0.5943575236642712_6.890015617297277_5.4395107674754_8.01800765320571
3,6,3,5,0.06666666666666667,30,18.253676499123962,8.74491911023341,4,4.18949082658475,19.92083964,21.3579515,0.9327130291498228,68.58622799988217,3.2443592239921446,3.1485517666588114,33.589134807737594_12.404175608718464_13.047425195248078_15.768494667900024_16.459152216015646_7.666160507364059_31.712134700276845_29.207932792241273
4,6,7,5,0.6666666666666666,30,27.476030543405667,8.61854050483538,10,2.7034196339294487,160.25844405,175.99740978,0.9105727422370933,165.23016703102124,3.3144819873474867,30.0,29.25924299679553_18.800762448014282_38.34834603723054_32.28841339263191_18.683387842356073_27.90147566338976_34.94617930313542_13.939501202661528_34.162903786513_15.029490786945384_11.215543822115443_28.035072466260686
2,6,4,5,0.06666666666666667,25,10.074324644870885,5.1398097647259275,4,2.622274479810609,16.69957931,20.2250997,0.8256858832690945,35.460304092315546,1.250714985487703,1.0156802928210362,6.888307746922704_10.305206765560772_8.93337597449339_18.67125382264568_5.573478914731874_12.499880530015194_5.581970714254922_8.489908363879561_8.888544484165871
4,6,3,5,0.06666666666666667,25,24.462643891223497,9.240924994897318,7,3.49082033573465,33.62539595,41.62874614,0.807744625238429,57.33305683071168,1.580510725380779,1.0469540460474458,27.69122884387769_21.52677011807738_13.670829328065562_38.40002661101646_21.024364555080403_27.6759215512131_16.2922486443449_13.364886635153681
3,6,3,5,0.06666666666666667,30,18.697344350216603,5.350297587435721,12,1.5310026781310722,19.92083964,34.37801441,0.5794645206212188,58.127158920920174,2.5470879520613448,1.5832763007280117,16.70591249471928_21.493744588896867_10.167297156058675_22.801705502092346_22.318062009315845_13.163111421741512_15.150404563079988_29.813642936098674
2,4,7,5,0.13333333333333333,25,5.778378920016503,2.516827117667096,5,1.0962276492948255,29.94257262,24.81629652,1.2065689413353284,51.41907940810649,2.8635342384141986,3.5470377184141983,4.240047514908579_7.664355036923746_2.4544915497650788_8.66954481451838_5.86345568396673_3.936739874760797_6.563735361910249_5.08237994855749_13.375176535904657_6.919418172188944_12.59050160067669_2.951127914107667
2,4,5,5,0.6666666666666666,20,3.534235170422014,2.38425619671219,2,1.6084604836530114,28.89500898,8.79540355,3.2852397068239125,42.330410813686015,8.956934555790676,22.356671509124006,1.6972221534612353_3.9624984413797666_0.6741900708322168_6.640620634281583_4.696644552155268_8.875056378238952_6.703006607780275_6.682175533359129_11.781136479485566_8.289035814822094
2,2,7,5,0.6666666666666666,20,4.077019714926619,3.346756342755715,1,2.747295524907023,18.8634449,9.98922689,1.8883788613194672,39.015994041971396,13.435032761314263,19.351178101314265,8.290034479828574_0.8484236384498378_3.0819513468052113_6.878732248899486_1.2859568606499847_2.6670190674916703_8.382025700136607_7.089972104186026_7.181240874963604_8.507186123397892_1.5349119658428114_3.6536382059527917
4,2,3,5,0.6666666666666666,10,9.695317569323255,4.119983135223078,6,1.7507689576079977,18.5983126,26.48458616,0.702231573023001,22.757859374526532,2.773031183017688,10.0,13.156423955162452_15.0063034155005_6.49510618764353_5.922732559440764_7.896021728869028_6.774541404638663_8.434319839618187_7.548998130269683
4,4,4,5,0.6666666666666666,30,12.176995929562333,4.566686981570124,7,1.7126251916544417,48.43651447,35.96857221,1.3466343392005329,49.08175449786131,0.4301600185742084,8.742121525240876,10.054533090024842_18.327784566406844_6.020358209127824_13.91658758328142_12.56571619897073_18.833924307033687_7.242905442989768_12.705320805211858_10.299603942625989
2,4,5,5,0.6666666666666666,20,7.34843122011658,4.909625920111527,2,3.280213960422501,28.89500898,22.11117336,1.3068057723373574,37.69341178617813,5.8656018707854205,10.38815895078542,13.093674173665294_8.4134069641127_1.0849981739372705_3.6915759686869363_10.458500820180701_1.5092320003608575_9.23778219642538_8.600773257038233_9.421244078733888_8.924380253619777
2,4,5,5,0.06666666666666667,10,6.827097028339957,4.031271277074402,3,2.3803892110958658,18.49515158,18.7930675,0.9841475629244668,75.03984742720563,3.7696463898137087,3.749785328480375,3.1756651454662173_11.847307890556085_6.279474928626782_10.010407934798076_2.8226292422526247_13.69660366442341_14.088060163803652_19.11758823047431_25.49685126271084_2.640744105793422
4,1,3,5,0.6666666666666666,20,7.788257785394625,2.68743219298035,8,0.9273308602356729,6.468254,15.53190653,0.4164494543864603,14.137871428005326,5.113078285336884,20.0,5.157738037205765_5.233306411566449_8.421533176640148_11.593975831159527_8.534735470401236_4.763798709770114_4.913097225834161_4.460975492401052
2,2,4,5,0.13333333333333333,10,4.837150934921344,2.1857032924290882,5,0.9876265898684509,6.30544978,11.49483968,0.5485461263953879,11.632861570910332,0.7103215721213777,0.01840291878804431,5.615124116649162_6.18149337569338_6.39225974319534_4.937073294821269_1.0598041442475692_5.793336831522852_2.3004573263925945_1.868850018645548_1.6702173943493375
2,6,7,5,0.13333333333333333,20,16.601443440545275,14.626127810953314,1,12.885844264594601,50.58009167,45.76696576,1.1051659385776158,64.13851033526535,1.8077891553687133,2.449539276702047,27.947104265256428_13.923811351297111_5.154035086903582_35.092231054579955_0.8900354446892985_7.136833753884945_4.464491471604971_8.741090354935796_9.392689658191166_5.960619194011598_5.9325499232322345_22.510235979404634
3,1,3,5,0.13333333333333333,20,3.826196843142562,2.8096815108417053,2,2.063226361841308,2.8848924,3.06805317,0.9403006532641023,7.0863742742483975,0.5601975832331196,0.5357761472331196,3.5081342063084815_8.465593986053443_2.6999822688595256_3.5664178986133384_0.8908558558780213_2.4549959590443744_1.6688167990845095_2.9625615161195133
2,1,6,5,0.13333333333333333,20,1.2666496118977328,0.8360488665805524,2,0.5518319357974594,4.82546034,2.42714426,1.98812259309218,13.102283781068675,1.1035764588091568,1.4233519361424898,0.6565466169566402_0.6355058496153282_2.359896192635706_0.7006486830618955_1.9806507172190944_2.6810543473386557_0.22559664938567092_2.4631299478426403_4.315953588952415_1.964672460480331_1.4518767870689597
3,2,6,5,0.13333333333333333,25,4.146699212613986,2.9190429861477907,2,2.054842060658478,19.4721479,10.77001304,1.8079966874394795,58.633887049362514,5.221565219915003,6.381849867915001,5.14343429671225_0.9945648482108773_3.9150658860680037_2.15814075185332_8.52229028022548_4.552308175515203_7.910976673280534_3.9243804334501022_12.570797433512258_9.163444686569218_20.5119796470352
3,6,7,5,0.13333333333333333,30,19.54289753513536,12.31998976619471,3,7.766614319409885,82.48121876,111.15991243,0.7420050714050387,153.77928930483674,9.50640940597823,5.6825835833115645,40.02039111809741_17.907598675958447_8.182312908160496_12.05532603614325_19.548858937317206_29.609526018974677_12.59029503878066_34.55682711768813_29.700927182745435_9.169029632658074_20.738523160001304_17.41416115398846
3,4,6,5,0.13333333333333333,20,10.640011041138221,7.547389602421545,2,5.353668298886201,44.59785118,35.13510367,1.2693245934002961,62.74435997576565,2.4195345061020865,3.6812341741020864,9.342382837667651_6.522119388765284_9.695770452108322_4.122040422285945_23.517742104863903_17.342798639271024_8.737312054755686_8.023804449064198_3.6327473218200765_7.44374187797597_17.5639556328787
2,4,3,5,0.06666666666666667,10,8.553465745874584,4.596338376712824,3,2.469914196293181,7.23066448,8.58087813,0.8426485460410564,11.014060446074527,0.25222639773830186,0.16221215440496847,6.718029746147904_3.822213397328424_15.777138825418024_10.007452632513221_6.442494127965345_3.916105583263629_4.197606110341389_2.900348752469511
4,6,4,5,0.06666666666666667,20,35.42034043098127,15.68442632611488,5,6.945196635212306,54.05770783,87.51713144,0.6176814406566888,80.14521373420737,1.7391670602804916,20.0,17.133599749822583_55.02917018612954_26.416547796059234_48.05099485426241_30.471389568632567_21.81506420544424_9.33245284486766_33.158123356353805_15.839573327541673
3,6,6,5,0.6666666666666666,20,15.710177214997273,5.231846101215013,9,1.7423236703319065,108.05880077,84.47138975,1.2792355031663252,102.08037137518892,20.0,11.739321083459277,14.979594176517878_22.128411013805856_19.973796099056443_10.548735936048033_10.920348849558154_24.82588489043466_18.943103394341357_10.40759321739355_27.119850115633433_14.11061696483918_6.673322792546749
4,4,7,5,0.06666666666666667,20,13.222578083251678,5.803473463020969,5,2.547181345720287,73.4688431,59.62638587,1.232153215862855,74.92677093278063,0.09719518885204176,1.0200256708520419,7.606540176116582_12.974838120236704_9.926162293033451_12.787745747905392_22.81760407896626_11.405418560270247_20.46645178378097_6.297935690366475_10.617226219679832_6.665534784842547_11.054753855774615_8.419450038065934
2,4,3,5,0.13333333333333333,10,6.852004851148014,4.178997495263399,3,2.5487460159185034,9.07553271,10.47585736,0.8663283966287223,21.127638949807586,1.6069474986410117,1.4202375453076783,5.963093894088683_8.908277710421668_1.5350691824769844_12.665666790719275_5.187916678033459_11.391497704534421_7.810820904076281_1.925320341196882
4,6,5,5,0.6666666666666666,30,26.408082316508654,8.716548195859687,9,2.8770817789843073,107.33501362,114.90389035,0.9341286295272944,100.76117192433959,30.0,30.0,14.591691570258881_35.271482449772165_30.14353979325223_20.039134946359468_31.994562822900527_8.872237579758302_10.499956017084576_46.17336479503785_14.415836179432228_20.799777353026638
3,2,4,5,0.06666666666666667,10,7.349483776663181,3.948763621037873,3,2.121609436616998,10.8473422,11.6283501,0.9328358801305784,11.983507141843353,0.0757443294562235,0.023677136122890137,3.6149251513050675_13.703670706417201_6.302879221448148_8.253494590783939_4.8724492133615485_0.9405254754594481_3.2301899930144105_3.0611935741881124_4.751598099181382
4,1,3,5,0.6666666666666666,30,3.3288202800777063,0.494410323298106,45,0.07343189094547081,5.96055042,7.88546064,0.7558912144921949,4.629032748192394,30.0,30.0,2.7014935717553903_3.1696211916249317_3.1214282609689903_3.721052495050155_3.9305058809890636_1.987573201431362_1.8039375357174743_0.8375220110435578
3,4,4,5,0.6666666666666666,10,8.986087725932007,3.987800724941652,5,1.7696861088895952,49.87985965,30.60604334,1.629738907963005,33.49722274640048,10.0,1.9274529376003215,9.382500284849268_10.151131889692987_12.755937936829092_2.2172306178169454_10.423637900471741_21.27664085427838_9.156500892202853_1.5668527571353383_1.4972282427839085
4,6,7,5,0.6666666666666666,20,34.19240688729505,11.473054270670955,9,3.8497136142431514,180.985529,252.68815669,0.7162406476455271,168.44097603341,20.0,20.0,16.445364355561786_36.05326441997916_41.92198242249357_30.684799977113023_45.8566232613277_20.187543275795743_34.34140357869771_13.499186378359987_12.033457584214272_14.591243044558173_35.96141504312152_37.82672712866261
3,1,6,5,0.6666666666666666,30,3.7849638087475683,1.045672968011016,13,0.2888883517200076,10.83037332,17.57812328,0.6161279647141034,16.427202293629296,3.731219315752864,30.0,2.580550010282522_3.411254492681972_3.4525539160285037_4.089118935342405_5.391341689402438_4.14350171446576_1.4524130363830183_3.9632607320137407_0.8437791659492575_3.509117037626254_2.515130607191264
3,4,5,5,0.6666666666666666,30,14.097739180343568,11.153307403679646,2,8.823845047042756,44.4823421,74.52056262,0.5969136643107109,43.092909824691404,30.0,30.0,5.455438445566852_5.276066167896502_9.849115395107702_18.197391679256913_31.71068421388987_13.803139701267828_4.920460476006278_7.325693957068084_5.071472064518384_11.972143625830832
4,6,3,5,0.13333333333333333,10,17.04230087817477,5.465145567643769,10,1.752569461661516,47.79099769,37.57765165,1.2717930895503418,53.5821711939757,0.7721564671967599,2.1339359391967596,18.37266610347166_13.061326588405585_24.18966307872993_19.302696624428144_10.285151995838536_24.21300755569046_3.215414139720962_26.153749498564277
4,6,5,5,0.13333333333333333,30,24.614718184807153,10.982447481500627,5,4.900082616357788,77.24899367,82.40654736,0.9374133020344999,106.25538802056069,3.8675192467414243,3.179845421408091,42.256463247414516_26.94580157005995_15.548085227238694_22.634019387733712_15.689221491588889_23.90940601217357_21.576172669565693_12.971238635060327_17.127786706746363_30.670783997014738
4,2,3,5,0.6666666666666666,25,6.821387207824622,3.943269144638868,3,2.279502844996792,14.369984,10.93490314,1.3141391209433246,30.523994788828034,10.769340525885355,13.059394432552022,3.1936368655470577_3.246131240735183_7.599032681997824_7.29480723277747_12.773328018065577_10.5046610100363_6.637473281024739_13.381860497766993
4,1,6,5,0.13333333333333333,30,5.001628096617616,2.0517715093891047,6,0.8416791983369829,13.2549226,19.04306016,0.6960500302279148,35.87745695375748,3.0163379138343305,2.2445862391676643,6.317666479063292_6.95971280624307_4.84686222095551_1.655351414590516_5.228547562235692_8.336697091019166_8.365397872884753_4.963370161108357_3.8741628158307804_1.3881339073399332_8.949695105574493
4,2,7,5,0.06666666666666667,10,7.021515846270598,4.153158702564876,3,2.456553198245908,36.73443707,31.49890618,1.1662131014988788,68.26712196611592,2.102178993074395,2.4512143857410615,14.050855588820601_4.469525867095578_3.954780298571989_5.160601622560767_7.471815854304057_13.150906063518143_6.163847764038635_6.219514615475666_7.680203623894122_15.064763216572947_10.481432353538175_9.506454329078224
2,1,7,5,0.06666666666666667,25,1.9419977654319205,1.2090174058310237,3,0.7526904065604194,5.47218586,7.58085186,0.7218431333388435,15.854344904004016,0.6921439362669344,0.5515662029336011,2.2493854010760383_1.0724755277898474_0.8793878941998168_1.625809141919585_3.882930862174315_2.4220905159175548_2.4644706820830824_6.258452613474848_0.48619851460025587_3.0932192522447384_0.22384229902615715_0.9060710266573784
3,6,4,5,0.6666666666666666,20,20.7840020272023,8.894444586020288,5,3.8063479973801093,65.14207716,67.14628728,0.9701515869128782,74.19924793500566,6.038113850003772,4.701973770003775,21.863066069925566_13.778682436809056_10.698633937324026_33.05038897967111_24.529238712281725_27.28013401443634_19.907168068537914_18.049934735327234_8.962011116704177
3,6,3,5,0.06666666666666667,30,9.503911227922467,3.5072325750946147,7,1.294275592522943,19.92083964,13.52466774,1.472926361146969,34.19100316092509,0.9513442347283394,1.3777556947283396,10.246860987604652_7.423018675276021_5.093100787166642_14.420505091644824_10.336070597920198_27.80656595366172_4.764978687418684_1.6194585198446823
3,2,5,5,0.06666666666666667,20,6.529134187637314,2.7715468768414895,6,1.17649168630573,13.86641966,20.96741886,0.6613317429573208,33.945288181287474,1.3385912347524984,0.8651912880858317,4.28913258037309_9.944993544621665_3.7409774536536036_8.911134883767758_5.759432475770451_8.534510096350196_5.721495574390435_7.108455875326387_5.750912902627412_6.829913732593042
2,4,5,5,0.13333333333333333,20,9.388801368601245,6.6140488558927215,2,4.659342609423326,18.49515158,22.29853034,0.829433657644363,38.328190584505265,2.6444052006007017,2.137288032600702,5.664703893538157_6.721695742643038_7.190119998206277_6.191315517764498_21.176171690854254_7.6581120199905675_3.5897421143932116_9.484132388753709_6.8410004101732325_10.755203651194543
2,2,7,5,0.6666666666666666,10,2.6122559884129863,2.0550371850557156,2,1.6166784000856709,22.82349112,17.29082498,1.319976990479028,24.162385264439475,0.8925960962929835,4.581040189626316,4.9014304348247_1.5075066220332942_0.8662140166558224_4.793794713083288_0.9923341554678283_0.9608457231772183_2.640318495119847_6.773737649648541_3.093188901602472_3.135548500353145_3.00606022914083_4.552685765397424
3,2,5,5,0.6666666666666666,20,6.252239612821368,2.8071663035177874,5,1.260377583649538,20.73204324,23.31118364,0.8893603842760512,23.952941693550265,2.147265635700177,0.42783870236684385,3.923963684198768_4.974940498195998_5.607429357687423_11.117842900668531_5.637021623356121_2.4811863086962918_8.358005598481954_5.064393231064418_5.519439132882381_2.529917422425222
4,1,5,5,0.6666666666666666,10,3.2664841598771353,2.0745956817239355,2,1.3176084842209945,15.13988505,8.28178045,1.8280954368936455,20.69276193647244,3.7019179243149596,8.273987657648293,3.513019547293089_6.784813796703928_1.8280739918445983_2.1271934127960486_2.0793200507480125_4.604562582509827_3.3578413496659643_4.547389044700772_3.8682596880348945_4.314709271560983
3,1,4,5,0.06666666666666667,25,2.8075982123725476,2.8002835733212446,1,2.792987991107995,4.19266041,1.13453603,3.6954845850069655,11.721388107016711,0.5019151798011141,0.7057901384677807,1.3799887939681628_2.3306527683728366_0.45166329522662757_7.628055997192275_2.2476302071028367_4.192984476284688_3.0680159551383293_2.0628679703734907_2.397519705220203
2,2,7,5,0.06666666666666667,30,2.043678229412506,1.264095802985188,3,0.781893243333186,11.73171718,7.76239946,1.5113519009752172,28.872262109079188,1.1427029952719459,1.407324176605279,3.2965694429206445_2.5668200499470184_0.6790712661333289_2.978480684749562_0.6974497033119768_8.148931455786741_3.9342951996823423_1.2612890485593864_4.8945143461454235_2.2190924508738425_3.394879526003431_5.019260082028021
4,6,6,5,0.6666666666666666,10,17.610430937468866,5.998374869024454,9,2.043135752731079,216.726645,114.86899665,1.8867288069064891,131.18870050970827,10.0,10.879802573138846,16.73757216068351_13.117085188549815_19.412142642540772_11.863700119387058_26.921654576183172_11.679720622738486_33.38463406728046_24.737528428347936_22.58089751019582_26.29387127041559_12.512048610729982
2,6,3,5,0.06666666666666667,10,5.128031457090399,2.437728487526345,4,1.158830679691114,12.34398758,5.72751448,2.155208445671184,53.63015317791134,2.7524110398607555,3.1935092465274226,7.387712428465153_7.287151162043411_3.9179734234715893_1.6014388159361506_5.4458814555356945_12.961969770157527_14.45762603705089_26.210557370702922
4,4,5,5,0.6666666666666666,25,16.388682151281525,8.540262122838145,4,4.450393048905437,67.3894022,77.08935435,0.8741726113574593,55.08427614188564,25.0,25.0,3.93877727259809_13.981800888433874_18.137806457157694_27.524339362688536_18.360686775529437_20.56283877716629_8.74111835813282_4.654885691602172_8.728941644986048_12.396491669998312
2,6,6,5,0.13333333333333333,30,9.57092909122651,8.423360547046968,1,7.413387167457825,37.07034915,14.32067572,2.5885893846634773,66.15224935595492,3.877586694127323,6.91087648479399,3.825692019205917_1.05239738376096_22.84150367021685_10.972377875696756_9.162674507252067_13.02433239643836_14.925275676076414_8.71782093663678_4.745025284460295_8.236133999795548_16.50366106254752
3,6,5,5,0.6666666666666666,30,19.531397904308626,11.20781870887211,3,6.4314495473584605,74.87223963,82.0598226,0.9124104495687758,64.1751766277176,30.0,30.0,31.790313892903825_9.127188546462943_8.913542691587471_17.10132880279031_30.72461558779858_19.186636775220567_6.104028408962043_7.182912801637045_15.849365504530681_15.852233137367264
4,1,5,5,0.13333333333333333,30,5.213391189173001,0.9580620498271001,30,0.17606253933622584,10.19324396,20.79001896,0.4902950776337339,13.74699815591634,0.4738338927888454,30.0,5.5074279667688675_5.483648330915692_4.117190779467185_6.520717907359263_4.437970961354002_1.8982942149480988_3.0456043218867843_2.679068457365192_1.8000979979662874_4.323933163749978
3,4,6,5,0.13333333333333333,10,13.03775197873001,4.742375659933592,8,1.7250003633004618,50.47905375,65.52341843,0.7703971337198744,92.68928886419316,5.628031348559088,3.6221160578924203,7.345713876063989_14.375639820556296_14.340672796662396_9.592518545905584_19.534214854461784_6.319953996152074_3.213154010362252_27.894803428526746_18.446528763964846_21.38467033335397_15.430178331833277
4,4,7,5,0.6666666666666666,25,10.501890725366984,4.281921405826954,6,1.745861902884956,101.20464137,61.52072441,1.6450495721657905,140.56332466963656,26.239122199757702,52.6950668397577,10.905381178290073_12.78605158669505_5.085858228775968_16.04362655115079_7.68853608192304_19.5012380480189_22.997446372029994_23.619417455958885_29.154494194113422_13.641673163563395_15.175498269040776_16.473557166911185
4,6,7,5,0.06666666666666667,25,19.56882876584844,13.002117548396882,2,8.638997395560299,112.53422004,65.55717723,1.7165812317572235,201.36297022123688,5.921916678749126,9.053719532749126,9.332727652698724_38.03812803204324_10.673022076550897_28.588417096346358_11.211848971602983_24.189794391804664_25.47903773721663_28.88242420507362_32.1347733412128_9.547523646102091_50.7596622835038_30.3697546163233
4,2,7,5,0.06666666666666667,20,6.7590150710945265,2.585458013492862,7,0.9889892342630894,34.13953217,32.90210035,1.0376095084154713,51.04414441934329,1.1269741499562191,1.209469604622886,5.7863144031381095_4.750270102494685_10.835728332203878_7.717663606490198_4.705098911145762_6.775572589210016_5.711970342728546_7.512283655658814_8.76381210943325_14.48122481913428_4.115542655673257_3.6837382475051244
3,2,5,5,0.13333333333333333,20,4.832342696929844,2.4605074510372007,4,1.2528285546585844,15.36125079,13.75615266,1.116682198116868,16.12745370105126,0.10216038814016788,0.3161734721401679,3.390410781568935_4.820406527618612_8.991470945998199_4.247668822803271_2.7117564066602045_3.7000070955673814_3.8654705884983334_2.6806741575991184_1.9140789714219375_3.967222887964491
4,4,6,5,0.06666666666666667,30,15.042981225401586,6.8658067118851855,5,3.1336409384974973,57.10894583,58.89929875,0.9696031538915394,87.8553917378953,2.0497630605263533,1.9304061991930201,26.15653769039957_16.01105798908221_7.818138196057909_12.855765498774124_12.373406752694116_12.011616332234285_4.013245552694556_9.193700061695965_10.340194913132187_34.62417177027763_17.672463107860697
4,4,7,5,0.6666666666666666,25,12.469432100131012,2.387659584414577,27,0.4571914939884787,101.20464137,77.60163515,1.304156042258344,98.4282146407916,25.0,13.884386327194392,14.15162250706663_15.435254615591148_12.05679618947744_9.342207117644863_11.361280070874983_23.180733187541136_4.762988306304201_12.513107868668449_15.487028245314592_5.029625329921978_11.518070245425909_25.936661457615326
4,6,3,5,0.6666666666666666,20,22.19238143505936,5.9462367580649,14,1.593237376819068,65.14207716,57.17730561,1.1392995256601774,37.433925340446294,20.0,20.0,20.225546072393684_12.773724663409643_24.873813738915526_25.16946014395417_27.919362556623774_14.147680734587368_10.725250067284573_12.560994538574352
4,4,6,5,0.6666666666666666,20,13.132595900525226,6.092466085595585,5,2.8264132457352074,89.12318724,75.5046789,1.1803664162062941,61.64605592388013,20.0,20.0,19.38405836549384_16.490673220624306_15.252434928327595_10.79155691702928_3.744256071151108_9.012210465123891_3.4393163359542096_5.724424717952136_18.721521482767617_7.302395135940453_17.44618778614183
4,6,3,5,0.6666666666666666,20,17.68343436862987,7.014088524500327,6,2.782120079389252,65.14207716,39.64672036,1.6430634506082005,66.06145243701819,0.6129168513454601,17.60982138467879,12.159280696032614_16.536319160345926_10.340681526033968_27.224728410882022_22.156162049854828_40.962009531449816_9.402757527526461_15.696685378041913
4,2,4,5,0.6666666666666666,30,7.218074869409684,2.803638200311653,7,1.0889866481655943,20.76915992,21.48932958,0.9664871043408326,51.99197287020334,20.81520863346889,20.335095526802228,4.859669865668593_11.133482416077204_7.441289994207224_8.439203320960974_4.216728750134428_4.487454065068896_11.298700441146794_18.383001867691625_17.82281649629603
3,2,5,5,0.6666666666666666,10,6.558269457432225,2.2541940618706655,8,0.7748066622688754,24.95741204,26.16140598,0.9539782402780479,31.006306231391434,4.032596127594289,3.229933500927622,6.40576629689651_3.9872547490992543_7.066390554609009_10.009043935986908_5.3228917505694415_5.495189919764584_6.646692825088188_10.941120224197714_4.289666972345_3.6336362899959465
4,1,4,5,0.06666666666666667,10,4.711541266049789,2.1718132630807965,5,1.0011103762757136,7.66295908,10.69740972,0.7163378126644289,18.223061310452405,0.7040068153634936,0.5017101060301603,2.282445506741146_4.413503407453833_4.57141523673894_4.05381574211833_8.236526437196696_3.717689930688414_4.946843972123761_3.783059502524584_5.7754679051156455
2,6,7,5,0.6666666666666666,30,7.325956023313935,7.3321691186616835,1,7.338387483294926,68.47047668,33.89117521,2.020303995235815,68.01576282923641,30.0,22.749725079490936,4.301342937767394_1.1444437622969843_1.4246952654468281_17.940858134197747_11.818440016860723_5.866865863729175_11.821214366500339_1.278654671188884_5.147098817979722_12.459981491158803_14.768444613069978_16.6735030056095
3,1,4,5,0.6666666666666666,20,1.6482006512865304,0.22252102896850987,55,0.03004222106971877,6.468254,5.50266816,1.1754759349326274,10.863261705038529,2.930005136692352,3.5737290300256856,1.4013072174076817_1.6778118586468207_1.6773210864029002_1.98484990067972_1.499713193295529_4.687299209901756_1.4855992024186782_1.830650646262788_2.859712646455306
4,4,3,5,0.13333333333333333,20,9.682497596146714,7.9041294434629386,2,6.452391197482006,24.71357168,13.5998485,1.8171946312490173,51.075073045322476,3.5148668487096635,4.996696606042997,3.371600885726238_5.12845056734067_11.413591371041635_5.7457764731715635_22.753068683453463_23.2328614960997_14.762299351908304_13.079912197314473
3,2,6,5,0.13333333333333333,30,6.983570463432253,5.4701275233505875,2,4.284670037826404,19.00298506,24.79849426,0.7662959234848319,36.22446761288053,2.296197673717404,1.5234631137174044,1.4833210397300292_4.540326599489526_15.944320193360484_7.627017571457029_5.322866913124197_1.6504135359999403_9.519459440976366_4.316181784518502_7.703142982464735_7.040301330137194_5.994968538783793
2,2,6,5,0.6666666666666666,20,3.1392136671005777,2.1625642417232207,2,1.489762913748837,15.18269635,10.52530874,1.4424941562331786,25.015631403371902,6.555290035581267,9.660215108914601,5.221671109848587_3.320841280621643_5.160936369199804_0.26635018203353167_1.7262693937993232_2.042739072573124_0.9373036628371411_9.785529858751046_1.2830411436715419_2.2665891427176814_8.700428522821369
4,6,3,5,0.06666666666666667,20,13.95851915674685,6.467793929533154,5,2.996905176340733,35.04917023,22.02889886,1.5910541172642163,76.859452764684,2.787352168978933,3.6553702603122664,11.04518974972727_19.695161671693285_21.408002330703958_5.849503785323193_11.794738246286546_24.65039866043911_37.881561619039545_14.327492485205346
4,4,6,5,0.6666666666666666,30,12.651512205929862,4.313023853697241,9,1.470351880452869,80.78804475,66.49330879,1.2149800667183792,106.20080355677806,16.941839204518704,26.471663177852037,12.906246543439144_16.748930381696677_10.77599806285259_16.461487368983178_6.364898672677716_12.473663904930916_19.29328367763627_17.567905519523823_26.393626263588878_12.141037788727782_18.331286402370374
4,2,5,5,0.13333333333333333,30,6.94254871618904,4.074414558102893,3,2.391175729537187,22.13022442,17.7397746,1.247491860465916,31.6615102308467,1.2708381081128934,1.8562314174462269,4.626470539562606_12.921870830976996_6.714148989152226_8.334440126487277_2.115813094766098_11.572890993822162_5.475457619260592_4.546734213777021_5.507636371169861_4.558791032817069
2,1,3,5,0.06666666666666667,10,2.5768778314517586,2.0294621292817028,2,1.5983359722832589,1.2203134,2.21325439,0.5513660813296749,6.726795831827152,0.36709882878847677,0.30090276278847683,1.196902643306418_6.138142318530385_2.0068931956107146_1.4072914219573944_2.1351595778538806_0.9063732882656022_5.440495544118267_0.37992699944328256
2,6,7,5,0.06666666666666667,10,10.712783761630766,5.5269074477249855,4,2.851425606584624,50.58009167,54.59162095,0.9265174909593887,93.48451724024625,2.8602950380164165,2.592859752683083,2.1579418337386578_12.648914047665677_8.545686759843727_16.095985177922017_14.115390988983751_11.311970483828345_20.095141614865945_27.432920251920343_2.808876394051435_0.46053419928874295_1.9596707304221401_29.415403565869283
2,4,4,5,0.06666666666666667,25,10.926489690815774,8.748134385191161,2,7.004066025494981,10.14804339,20.22323938,0.5018010813854096,33.780183023766085,1.5754759755844059,0.9037962429177391,25.0725949100886_7.217962861623623_1.3419546385161496_10.615733152800939_10.384202891049558_4.579902215531749_14.456460821735714_12.051000459992721_2.692819526505903
2,2,4,5,0.13333333333333333,30,6.447212475513331,4.201822300781838,2,2.738440948611958,4.87418294,7.15627898,0.6811057748897319,18.533231041105783,1.8212064134807708,1.5169269414807711,0.8095225645246094_11.475093697703425_8.198897126336796_8.09412999026917_3.658418998732655_10.559902034015177_3.931391414290114_2.1976754248586468_1.844262167941843
2,1,5,5,0.6666666666666666,20,2.1247164413498885,1.35642112936628,2,0.8659406235979289,4.86438968,4.07559303,1.1935415641831146,6.915184778439422,1.367196732292948,1.8930611656262812,3.0378164880788456_1.2690507614304782_0.9751318262965031_1.2787325149822402_4.062850615961374_4.094066237442413_0.2244629021425614_0.08635234285477915_1.1282153516267728_1.3820879443728957
3,2,3,5,0.06666666666666667,30,4.5625206756615375,1.1736967161845955,15,0.3019304633359857,5.34009786,8.14862635,0.6553371857576952,21.171299577189842,1.055413447812656,0.8681782151459894,6.12784779587603_4.026523311261209_4.42112199275773_3.0326202019840336_5.204490076428687_3.367584805351414_11.023667214417907_6.780047557420522
3,6,5,5,0.13333333333333333,10,12.309236281214643,6.000018173689406,4,2.9246508282194377,64.96845633,40.05363556,1.6220364374334464,97.04318518263393,4.276630513684525,7.598606616351192,9.043713255011705_21.40667520679031_13.795200583497213_5.3647169720415135_11.935875388732475_20.193574274831946_21.852441961680118_19.297075339009705_13.910219480251962_21.7898741268602
4,2,4,5,0.6666666666666666,10,8.34850287829758,5.409589723284208,2,3.505258535675265,27.10309354,23.68486288,1.1443213193725696,22.409106176668068,10.0,10.0,2.6782435836983605_6.616150931347079_17.04313113186744_6.048628338791084_9.356360405783938_15.067536995380884_1.5679158066366699_1.5517614946236555_4.221891880026858
3,2,4,5,0.6666666666666666,20,6.644262244774068,2.56152995469697,7,0.9875341260003166,15.18269635,20.31181826,0.7474809076989054,20.295232314504588,3.408357309669725,20.0,5.950033545866772_5.6760511791590424_3.225099728275636_8.850142875455635_9.519983895113256_2.8017508151055983_6.992206467215631_6.292386312361661_4.208888719821697
2,2,4,5,0.06666666666666667,10,3.526232413619792,1.8909049185910172,3,1.0139778074018986,5.33620196,4.9038738,1.0881605395310132,10.69752246503159,0.3574213670021059,0.3862432443354393,1.0454599530072_5.337174203873713_3.418858192129603_5.423938986201384_2.4057307328870596_2.174590899861675_4.63301208363128_2.7661182149329533_1.1238012666056811
3,2,3,5,0.13333333333333333,10,6.7005827670882905,4.883967096088508,2,3.559859705462677,7.75158508,7.7574099,0.9992491282431781,8.284050417309338,0.07099537830791174,0.07021873564124508,10.812025824422655_1.0137995476263142_4.660618592445781_12.719672007678293_4.296797863268409_3.527377563185487_2.599454797578433_2.157218056545418
3,2,5,5,0.6666666666666666,30,3.992403981174289,2.4216393899059807,3,1.4688737318159193,18.99133656,13.13467028,1.445893665782983,29.178510813948282,6.7914495026321875,10.695893689298856,5.263848388316431_2.827823201810757_2.0983676998678025_7.651868431174734_2.1201121847017204_4.849001536618989_1.482806315405756_11.106880647889563_10.241262525018909_1.4985597890150646
2,4,5,5,0.13333333333333333,20,12.606879455154997,7.328010559573537,3,4.259558358770794,18.49515158,37.12613293,0.49817069865240077,42.7674395110457,3.23630505747276,0.7521742108060939,8.15116861373723_18.99927959944098_1.9021799810970552_17.71656502379666_16.265204057703063_2.945989794076757_19.534266119919444_6.98814141996263_2.633719439934729_10.665322737152138
4,6,4,5,0.6666666666666666,20,25.931962246362158,7.359047102642139,12,2.088371629744403,93.64711718,90.95326411,1.029617992233264,72.34589597860825,20.0,20.0,27.547892461845507_14.702051963694924_26.678450005977133_25.465365160642705_35.26605163965053_17.333016658253744_16.509960337998205_20.207198470275195_18.29572051208111
3,4,4,5,0.06666666666666667,30,9.849232466477464,5.087956759563279,4,2.62835749641354,20.23439094,19.78670416,1.0226256367093731,41.07134444366473,1.3891302335776485,1.418976018910982,3.951916607939543_10.67663467433636_6.211026772485871_11.293474681694207_17.113109595931334_10.160768607437111_4.0675504528291535_7.143396732422781_19.699628650975683
4,2,7,5,0.13333333333333333,30,6.102430328410561,1.7915005144167304,12,0.5259337543295393,35.15535547,33.04822019,1.0637594178411338,83.84774927953396,6.4923191746045275,6.773270545271194,8.601721085912372_6.752581324180553_5.813037801334418_3.6736422443326795_5.671169186292784_11.823850101193996_26.38830741959249_11.378908404189442_10.540932017245138_9.148982977617365_8.83563674549297_5.73113161420256
4,4,6,5,0.6666666666666666,25,16.028329080078844,5.775516243390468,8,2.081102010759506,84.21159702,87.68151266,0.960425914942239,48.37607091262224,25.0,25.0,9.411994308387726_21.587937956017687_10.36683578183736_17.951911960003684_20.822965394147772_4.062023209682826_10.556505994787553_8.04976873701115_13.14062626101708_6.775664937539388_5.791481772584252
3,1,7,5,0.6666666666666666,10,3.823386046905284,1.3676328039715737,8,0.48920497787899275,16.11059717,23.06641254,0.698443988290864,22.986717122927264,4.584079968618177,10.0,1.9814528426519047_5.447168384409551_3.0331665867512347_3.9279221241705553_4.727220296543173_4.0892488015086785_1.0014616881871043_5.220261624903541_3.046360700147425_2.310088850602579_3.205649978967953_4.113645478609985
2,2,4,5,0.13333333333333333,25,2.9299535065786846,1.6547993750907461,3,0.9346090187616377,5.07401852,4.30685477,1.1781262176156453,11.892013730978142,0.9090660281304189,1.011354528130419,1.1412014431995685_3.5284732532040137_1.450909874048103_5.1716463147938345_3.357536647647903_5.667942775108469_3.45958475881434_1.802108248035672_0.9623779490196609
4,6,7,5,0.06666666666666667,10,17.312201882872692,9.198071089528774,4,4.886987359575907,126.94542498,100.37108487,1.2647609134086666,163.6070223170835,2.4441064891389006,4.2157291631389,23.390395675833886_13.592462183289026_29.782079562287212_13.229670950451379_6.566401042501967_24.94486588981715_26.73906767618419_20.85246119588003_20.098115816568654_19.392116896804815_34.261406336971085_17.318988504857597
4,4,3,5,0.06666666666666667,25,15.041549122497777,1.0905021621155948,190,0.0790606709384805,20.8680521,39.6352401,0.5265024772740055,51.8133236938971,2.0630181062598063,0.8118722395931399,14.788142536748216_15.687964292315655_16.298991330008278_15.032276415258007_13.40037103815873_9.788710052297699_27.00026433285356_15.024349308745835
3,4,6,5,0.6666666666666666,25,14.210412374907868,11.06842964283991,2,8.621152682016485,59.06363265,99.71326448,0.592334760656108,48.96273386796701,25.0,25.0,14.530325540423288_17.755018759802358_30.638321642803835_4.960418806133101_3.167977125376759_5.017426196786785_14.044622504698973_9.135482403177793_13.974319248373586_2.3673618206097995_4.4235216943200735
4,1,7,5,0.6666666666666666,30,5.568289412086903,1.7582921544927874,10,0.5552138317092629,19.5196249,31.10602058,0.6275191919775938,24.349934302599365,3.2202062683995765,30.0,6.886099950814677_4.914002564221013_5.540447875746841_7.486385303413966_3.0145113662380187_3.9508365777106667_1.3049149516736085_3.0855122359234004_1.9820169404878651_6.544558638949747_6.016183300833535_1.4659116570205413
3,1,5,5,0.06666666666666667,30,2.920398348092127,1.487287328041772,4,0.7574389971829462,5.99696212,6.9589354,0.8617643037755459,20.89780457672612,0.9933894971150747,0.9292579451150746,2.280333508557313_1.4530942238009292_3.6216948615453886_2.073419520930054_5.173449625626952_8.890633312158183_4.022849779866576_1.7392580779887439_4.876475846533275_1.3685875601793418
3,1,7,5,0.13333333333333333,25,3.7668909537468096,1.9558133286672654,4,1.0154808895616465,11.1721085,16.98464931,0.657776813408931,28.922859532351257,2.366766804313501,1.5917613629801675,1.2896791336160782_2.879289357320847_4.69848097504918_6.491524550618168_3.4754807521297755_8.709268087213154_2.120119888531434_1.3642296337427606_5.258118510849849_4.3261383443650985_5.896460282813604_1.2485247848353587
4,2,6,5,0.13333333333333333,30,6.2671639790905225,2.9042968215906133,5,1.3458942603134822,28.55446928,24.93226074,1.1452819933889395,29.045145456310422,0.06542349017472304,0.5483846288413896,5.742985795278348_8.675926628766566_5.065349411919457_2.3212392380646536_9.530318821423586_6.611233473522864_4.273581605706095_5.829778017620181_3.630079984520583_3.479547363808322_5.220925011132374
2,1,6,5,0.13333333333333333,25,1.5368204357711985,0.7601409679722686,4,0.3759803538139847,4.65720783,4.61246645,1.0097000987400135,10.209654357104135,0.7403262036138847,0.746291720947218,0.821692941069918_2.45889333965238_0.7580736540807881_2.1224763857117153_1.5229658583411907_1.3502842088023586_2.2919666196019137_1.5778101576885404_2.19333121010272_0.5279165547367537_2.268345606171848
3,6,6,5,0.6666666666666666,20,15.232309962049078,10.692839048574243,2,7.506202749522655,108.05880077,90.52492502,1.1936911380608841,123.43575658661526,10.2513038777435,21.940554377743503,16.197717649459648_10.078538402068318_33.14404323187015_11.09626572426604_5.644984802581233_30.78480700107096_14.015823373978009_32.50056013077819_20.540666246740546_14.39731790622086_11.196581927826696
4,6,7,5,0.6666666666666666,10,23.65959493964572,13.444258786896668,3,7.6395261537708645,256.52883543,297.5156118,0.8622365524887055,167.14329504553365,10.0,10.0,36.2208468653333_7.233146593214726_21.044741629841674_38.465650714671085_15.333588895167821_10.3423741500332_7.64137895197142_38.6608369703056_12.153616750075873_36.770261966475644_23.353339842310103_38.221486414361806
3,1,7,5,0.06666666666666667,30,2.4109340124496117,1.3407247486262546,3,0.7455794485858007,10.17577379,7.36715934,1.3812343836179333,21.507663248504823,0.7554592972336549,0.9427002605669882,1.123789181967191_4.405148466973737_1.5169164435354339_1.8962155315982712_3.112600438173426_1.493294347636454_4.086809028784492_2.1075838244543803_1.817310413587689_2.982016271734276_6.090697212859717_2.9299521494478142
2,6,7,5,0.13333333333333333,10,10.91536876494718,10.308231605855411,1,9.734864769863837,59.18955917,40.62384986,1.4570150139384157,96.11452009169075,4.9233281228921,7.3987560308921,4.224413648363585_3.9982352384899986_10.004115492130806_7.540499032210034_28.809580413541475_18.968049900605873_10.464335617112068_8.721602438621247_18.086944027308153_19.538272504473575_9.903564792072011_10.431750811497821
3,1,7,5,0.06666666666666667,30,4.468258120336188,0.8748601845993796,26,0.17129277718174304,10.17577379,24.68984214,0.4121441413962803,14.231247971539158,0.2703649454359439,30.0,4.506985898216993_4.034158303679613_5.786781070068756_3.4121356492162453_4.601229680499331_4.133610092808533_1.9079713376529244_1.6216628646484286_2.5396703852817755_2.0417128338015775_1.6691344163489774_0.3174860409969408
4,4,6,5,0.06666666666666667,20,10.906945265924362,6.508172032514632,3,3.883424934489753,59.88598821,38.83250016,1.5421615390009438,107.6914766902071,3.1870325653471396,4.590598435347139,3.774781199754709_14.031568351230296_14.182765128532697_4.280114088048186_18.265497562055923_24.51686012190105_23.239974770892278_18.76231975290579_7.6183485418344_22.359752696972873_11.194220805700704
3,6,4,5,0.06666666666666667,25,13.455741195188374,10.011336481709787,2,7.448631531784612,33.62539595,21.82837758,1.5404441226456005,47.257879812607555,0.9088322575071704,1.6953001488405035,18.957911272906692_7.251561141758667_28.505776653996822_7.444746501080709_5.1187104061989785_3.544946052730972_5.855813030361368_8.988139324411568_28.86898140510365
4,1,4,5,0.6666666666666666,30,4.8777322436574035,4.607188150379984,1,4.351649822640941,9.16648811,5.43143454,1.6876734944503262,15.597590894181398,4.2874018561209315,6.777437569454265,2.080317733029123_2.3424579651131507_13.041116066183356_3.50893781753825_3.4158316364231385_4.426701481255204_4.722910509210449_3.0313075328240884_3.4166713708916565
2,2,4,5,0.6666666666666666,30,5.76010338964179,3.2350539809437215,3,1.81690736288514,7.22809922,12.24793194,0.5901485455184526,13.00591490973009,3.851877126486726,0.5053219798200589,11.105917157082896_4.920028544717297_5.980131748803948_2.5713881139902184_4.2230513836145915_2.9039525814462324_7.461652539063141_1.892555742444456_0.7477540467762596
3,1,3,5,0.6666666666666666,25,2.895731784201501,2.778480499603352,1,2.665976845229425,3.87579306,1.26683871,3.059421084472545,7.5524483269448215,2.4511035112965476,4.190406411296547,3.0510950803190693_1.0996638748535674_1.307808586505146_1.3559769677274778_7.664114411602245_3.6999960813934365_1.0044722490048121_2.847979996546573
2,1,3,5,0.06666666666666667,25,1.549875560623274,0.5985853917958656,7,0.23118273516573143,0.96576769,2.08049637,0.46420061285663283,8.859411518438929,0.5262429218959286,0.4519276765625952,1.5504745002391667_0.8718902631661128_1.0369079649606778_2.1138560529747528_2.17624902177566_5.1230813995312605_1.5752485565386096_2.1610815623690582
4,4,7,5,0.06666666666666667,10,15.31624980667021,6.935540424298949,5,3.1405678011425877,79.94188775,80.58805814,0.991981809651283,99.2197323975419,1.2851896431694598,1.2421116171694602,8.991917976433825_13.953949295777184_13.25703351456114_13.159853615632494_27.218494630946406_19.584437020685026_18.365829102438646_10.526473385151913_9.175374131195584_12.113194401764808_21.469439528577386_7.984984827728536
2,4,7,5,0.13333333333333333,25,9.655941850305581,2.3105771825840793,17,0.5528996548906543,29.94257262,52.64390815,0.5687756413274572,58.133884208957554,3.75884154519434,0.731996807861007,10.658298837410094_6.578378865320658_12.854666523683777_9.183534533774969_9.004830491338408_6.244584338379836_6.648606882202652_6.6193768975688965_6.916642499755613_9.867179785384755_1.5740979224150211_20.26339588325078
3,2,6,5,0.06666666666666667,10,6.4853510119187625,3.2714464972412434,4,1.6502363811370002,20.08246226,24.14613906,0.8317049036327384,25.822685662830075,0.38268156018867167,0.11176977352200505,3.4974770157774726_4.5714300243399215_4.547990923744328_8.66424748212552_11.14560961360657_0.896237199079891_2.844765577386422_7.665685209927892_4.680368981365481_7.966440417013228_1.7691882780571602
3,6,6,5,0.06666666666666667,20,15.490144835797976,9.175066424219485,3,5.434542076991696,63.93479997,57.05058319,1.1206686486809951,149.2177241920593,5.685528281470621,6.1444760668039535,8.77689845638516_21.580937313517232_9.86723651545676_8.527128822252132_28.698523071378595_29.007386217940798_18.68112479527575_31.969458681826538_6.479441957078088_52.43178690908681_10.64852563085132
4,6,7,5,0.6666666666666666,30,24.022835274251644,9.692675591593675,6,3.910777352104307,160.25844405,151.84002259,1.0554427042119952,204.55424975001915,29.530537133346094,35.14281810667944,8.112883869046728_22.177278300918108_32.77313320712757_27.489924988200066_29.560956005965746_27.09376870217151_26.501367785589004_21.62806939120818_39.04142796480008_36.68963665843191_16.006059256974467_37.59391999084404
2,4,4,5,0.06666666666666667,10,8.908909990773623,6.569091189268934,2,4.843797849301593,12.61090558,16.04689123,0.785878423381075,23.32186619737702,0.7140640411584679,0.48499833115846797,5.623353978294116_2.8357758323284923_15.972322157482475_4.039570623343334_16.073527362419693_9.528397684925372_6.572225784265954_3.0554694657708996_4.165773262414794
2,2,7,5,0.13333333333333333,30,2.3662639460687944,1.369132409898334,3,0.7921870081096698,12.97755336,8.45669101,1.5345899885255474,24.0706865306799,1.47908442275732,2.0818660694239868,1.4381420928858255_0.8998497438405428_2.29035630113714_4.446768419876434_2.756203172604029_0.4904295945194016_1.2950663275285206_8.116703302152523_3.7352824095157673_4.314727291231699_4.352956846836945_1.765520758895045
3,6,7,5,0.06666666666666667,30,19.39999400926858,10.215844334017662,4,5.379562251772855,74.86433404,97.61315113,0.766949260149348,144.27174770791754,4.627160911194503,3.1105731051945025,21.7051544665345_35.9716949867928_15.84936621537638_9.804885047680324_13.668869329958897_14.884224838540337_10.708212410332358_19.97714209938386_40.322845675381025_20.054529581007685_25.878230203033077_12.4465629002392
4,4,7,5,0.06666666666666667,20,14.025980232253056,7.512950353543609,3,4.024276526856627,73.4688431,50.25199143,1.4620085892982093,132.49855913083152,3.9353144020554347,5.483104513388768,15.136303268500445_5.859671689063768_6.856676577514117_19.5141343035358_22.76311532265115_26.148886937128324_20.601251869976437_13.653075997743981_16.39853505628655_11.442984028307219_25.239919278967427_19.013905962421575
3,1,7,5,0.13333333333333333,25,3.4055661999968887,2.189093544104998,2,1.4071464958885715,11.1721085,8.90104019,1.2551463943002374,23.093998691099653,1.589585358813287,1.892394466813287,0.65902154874474_5.905708237320088_2.4354257737121423_2.6549514996646963_5.372723940542777_4.019280275018539_0.8322481754230202_5.61843599615417_1.9781197587473278_2.840675382777907_3.8422509732109855_3.962988129767705
2,1,7,5,0.13333333333333333,30,0.8411424855658836,0.6550032144334921,2,0.510055333407128,5.86585766,2.7320976,2.1470161461288937,10.097463829579311,0.5642141559439082,0.9820488306105749,0.7980538321451092_0.27279590402215526_1.7046458261243158_0.16110699288706115_1.2691098726507766_0.8983397191640734_1.1967162099787163_1.757611315382147_1.3707657740620292_1.4397634169865967_0.765513763777982_2.668753630227767
3,2,6,5,0.06666666666666667,25,5.9944498617678175,4.043932712539688,2,2.728088842288829,17.80797486,13.35177226,1.333753640582243,42.54694737558945,1.6492648343726297,1.946345007705963,12.943364325654748_2.815538861610142_3.603748868181478_4.884090373836955_5.7255068795557635_8.660196340554403_8.135017342559898_7.1734544344911955_8.963439648039817_2.065542909629598_7.549296700314535
3,2,6,5,0.6666666666666666,20,8.253985419527611,3.9523077459296263,4,1.8925083731768118,26.42554206,35.67096053,0.7408138627995616,34.798355693720296,5.581875755813529,20.0,10.900476821312902_13.91066148328517_5.415982000536326_5.025030144522871_6.017776647980785_5.080704844673856_9.128287414704625_10.72137413431501_1.260612975800502_3.0714646770925693_5.535911647133737
4,6,7,5,0.06666666666666667,20,20.115331561437426,15.076684682977874,2,11.300157809265386,115.58864661,94.11016875,1.228226961499312,147.4335197900784,2.1229915453385604,3.5548900693385606,3.687554971777884_6.244308884176228_33.25158392886876_20.724436672910976_36.668773349453275_29.439693389520208_20.91691927923657_25.425422155781888_21.894661316864664_13.90336215181959_14.002644083190425_21.850817413665055
4,4,6,5,0.6666666666666666,20,20.1656593462643,9.173938503205932,5,4.173488514085962,89.12318724,122.09204064,0.7299672179514813,103.32181362669641,9.465750924464277,20.0,18.191914283605758_8.085499578788966_22.14642743884221_33.618928581461326_18.78552684862323_7.681906970446828_45.07715251207975_4.036441618542982_5.323817841983792_22.400700853721858_18.801793829921202
2,6,7,5,0.06666666666666667,30,8.58566197208519,4.463597076125332,4,2.320578066405725,41.4896738,38.63087998,1.07400281384944,98.45821027969001,3.7979024319793337,3.9884886866460003,12.82647042175366_7.469852723982537_9.815282319726453_11.381881474491376_1.434822920471916_17.623135446093922_21.13893447949681_12.930988276208849_9.588439468380535_4.674828651961835_26.94956869922818_5.552315258319858
2,6,7,5,0.6666666666666666,25,25.652643043144323,15.586881641175333,3,9.470793278002493,72.8283721,225.4605696,0.3230204386922652,49.590903505313975,25.0,25.0,10.156077531337097_40.07533101858889_11.885387261168363_43.655721106336955_22.490698298290305_8.010430536210333_15.585627191343438_2.6502675351471554_4.5149013757973_14.062417614710736_1.929192177837486_2.8380670742675274
3,6,7,5,0.13333333333333333,20,11.184255391716258,3.6513933347328678,9,1.1920930645777819,87.99262859,57.20046323,1.538320209684078,162.49374578749465,9.933482292999287,14.039104340999286,12.144150859722124_6.5754735427563595_9.229566060889228_16.39929654347584_11.57278995173774_25.46817279911317_16.1778650859594_18.599572059544222_17.452619389920933_18.190104052493375_30.00208929706488_36.60332310339865
3,4,6,5,0.13333333333333333,30,9.956477433991267,4.778120644022765,4,2.2930235156154475,41.87353942,33.25373887,1.2592129740267008,65.34844154480798,3.1299869499743975,4.279293689974398,11.503126876575722_6.534779649052194_4.1375387265389465_16.426717161908954_11.180224755880518_18.115620168219603_6.7260947733581995_10.935405257983684_6.343347392335971_14.436966983900826_8.791006969009699
2,4,3,5,0.13333333333333333,30,8.288800555574365,6.645461552499367,2,5.327931218715048,6.40300476,9.28744837,0.6894256102335673,20.423908313442524,1.8694538071256699,1.4848613257923367,5.940894395288174_7.270783124678903_1.350587008819233_19.309139136087552_7.572599112997969_9.562038105064959_6.786165167220343_4.075705041157223
4,1,5,5,0.6666666666666666,25,3.038998659404983,0.6404472500232968,23,0.13496968114579969,12.8748319,12.4689187,1.032554001655332,21.30919848383903,5.622911055892686,5.893519855892686,3.552887136553873_2.017563811154698_3.321067945051593_3.489596021867294_2.8138783823974567_4.596802216546794_5.111255566147783_4.92866696839361_3.2846210965474727_3.387852636203369
3,6,3,5,0.13333333333333333,10,17.12185607579374,2.216161627767071,60,0.28684812783414954,31.24002026,43.92477434,0.7112164087215662,96.5207836196777,8.70410178129036,7.01280123729036,13.916878241858395_17.058396122716754_17.5436235991112_20.14830157830498_16.942080836977368_38.10001901748173_43.368466769628874_15.052297832567099
4,1,4,5,0.6666666666666666,10,2.83601744521039,0.9268853799694583,9,0.30293061456728576,11.30819992,8.01652886,1.4106105170311831,14.81258098464256,2.33625404309504,4.530701416428373,3.920505618813061_2.690423251768421_2.735335993751198_3.3858582604910286_1.447964101228241_7.356335977589807_2.8812361080273674_2.6422190834758563_1.9327898155495298
2,1,7,5,0.06666666666666667,20,1.2784435850451636,0.8063288741344717,3,0.508560769414003,5.63829798,5.03652096,1.1194826795677626,11.65860395550051,0.401353731700034,0.441472199700034,0.3109140085941023_2.4602469176378547_1.294450964693358_1.5105215923039803_0.8160844419965234_0.8670001561134796_2.318407840110628_1.3381784055718058_0.7938947741564417_0.6309580522309165_1.2185960824682167_4.491568644849023
3,1,4,5,0.6666666666666666,30,3.142784511902198,1.4770726990954355,5,0.6942072388833797,5.96055042,8.25437961,0.7221076206355863,12.155879398001455,4.130219318667637,2.6009998586676355,2.610672998379486_2.3368622057377895_2.258451457168556_5.761087618100351_2.7468482801248095_5.100998638316555_1.4214859466806278_4.06727964998065_1.5661151630236234
4,4,7,5,0.6666666666666666,30,17.858207052927227,8.246993839559877,5,3.8084958466527703,97.28516559,119.29881438,0.8154747060613664,134.58441175974872,24.86616411316581,10.190398253165814,19.24175110240109_17.060848512820144_6.0321228658849435_29.243471926903567_17.712840856626396_22.818112747699164_29.954577544793484_13.675223887526066_25.23237603047359_18.585746557967443_13.32698921872644_10.991385772562545
3,2,6,5,0.6666666666666666,25,6.152848755366684,3.2021232763215677,4,1.6664790383181292,25.23952968,29.53741664,0.8544934713694718,25.770622468513317,0.3540618590088774,25.0,6.922974407938271_10.783368743293886_6.26783126832374_2.0247669884015496_4.7653023688759735_1.7682745405260198_8.050262793082098_6.9063001543145734_2.6488181376977455_4.159088340262453_2.237878502630427
3,1,3,5,0.6666666666666666,25,3.5802069688649496,1.2951582799329229,8,0.4685301672966166,3.87579306,6.95974068,0.5568875678281737,9.079913841712772,3.4694138544751816,1.413448774475181,3.7972436472768316_1.8626677650261603_5.462733165558792_3.1703137499741687_3.608076516488796_5.816754883326731_2.0120277221660974_1.2511312362199436
4,1,6,5,0.06666666666666667,25,2.427163564202829,1.7770118799897605,2,1.3010129470454013,12.60241966,5.67196393,2.2218793729176625,24.358611541661816,0.783746125444121,1.245776507444121,0.9281705653278843_4.521529904307176_0.7686930852381306_4.116754105006924_1.800670161134031_2.837755203710805_2.158578966544662_4.00573396655112_4.675232589236653_2.484541081606372_8.1967697340122
3,2,7,5,0.13333333333333333,30,6.073977391359685,2.853899148064695,5,1.3409237181077416,23.71677248,30.40642748,0.7799920755438908,33.40360038284856,1.2915770537131412,0.399623053713141,9.883858960673075_5.975957362935945_7.674710233191561_2.5870236155579747_4.24833678443987_8.139338672145488_3.0363707192573557_7.264635983716037_4.085268651430444_3.0022240672798093_1.8338692875210776_6.041893001498346
3,6,3,5,0.06666666666666667,30,18.234864360523456,12.580605451090484,2,8.679616715913111,19.92083964,14.23013234,1.3999054375625013,27.55566090345252,0.508988084230168,0.8883685708968345,25.511895959044992_17.790213994019137_35.232099767929554_8.204506244982408_4.435605836641186_11.93341423177682_11.282956908142525_4.339289763533172
3,1,4,5,0.06666666666666667,25,2.715550817983439,1.134890121277768,6,0.47429625652533886,4.19266041,5.57995702,0.7513786208338931,12.389881773248664,0.5464814242165776,0.4539949835499109,2.8248947570742295_2.4897698805695843_4.3960825630864235_2.6551633665889245_1.2118435225980335_6.218554855777777_2.47576450859816_2.5911798535121764_1.1043825553605513
2,4,7,5,0.13333333333333333,20,8.506561072454181,7.361457941843106,1,6.370501847686209,31.1722134,17.9339233,1.7381703310842196,62.63318719987861,4.194796506650482,5.959901853317149,9.64929164402572_1.3065240310754729_9.419728431512064_19.725969158863997_2.4312920967936478_5.751771740437429_10.53352318971201_5.61966934616445_17.86420614163349_13.72866101047994_8.218769466072143_0.9165863053791453
3,2,5,5,0.06666666666666667,25,3.7479403775644307,2.2569118161881176,3,1.3590533554217359,13.44406582,8.67557129,1.5496461697567354,40.4039701919776,1.79732695813184,2.1152265934651733,5.080966303537638_1.6916000966379283_1.5202786996573583_6.812847154020849_3.634009633968379_5.311026606497227_8.552664829066646_18.526532721838006_5.776227492810908_2.237518541764813
3,2,4,5,0.6666666666666666,10,5.815479344055824,2.061641793977395,8,0.7308712894008917,18.5983126,18.76230834,0.9912592983214985,27.167669199401143,5.712904399600761,5.603573906267428,5.752925337637988_6.63043486845536_6.151439958766688_2.4759211622157635_8.066675393203319_13.895755076832632_2.8561027406420934_8.497328224822082_1.9184831571043364
4,4,7,5,0.13333333333333333,20,16.404066260526797,4.577485145219542,13,1.27732782359736,79.94188775,94.46437459,0.8462649342354578,125.6537419924762,6.0949138989968255,4.158582320330159,10.755152704633089_12.24236265135644_18.593601459035103_19.602655378747635_20.826559108861712_16.33797385915359_10.742021228147715_24.49013090040402_20.70918322746699_22.185688697267032_7.579155756028803_23.60958832400806
3,1,5,5,0.06666666666666667,10,4.092087348869346,1.8687661687549364,5,0.8534243518648084,6.93321348,12.28307974,0.5644523708025688,14.206444385341221,0.48488206035608145,0.12822430968941478,2.7068907101365967_3.7886066425969105_2.427298472588626_4.4339257341397165_7.103715184884881_3.1005986060998176_3.56347164652567_3.0094788646826993_2.1965762785759613_2.336318989457073
2,1,7,5,0.06666666666666667,25,0.8825759373726781,0.6915675472244953,2,0.541897475471452,5.47218586,2.73993816,1.9971931994260774,19.87027540313896,0.9598726362092641,1.1420224828759307,1.066067363561415_0.20406579273815856_0.488109456359227_0.6685993993174447_1.9860376748871453_4.465523619103305_0.4376696188751175_3.3242530428547186_3.87663157969648_3.740383969423453_2.893599440680018_1.1322141325058679
2,1,6,5,0.06666666666666667,20,2.120639897272954,1.6517462617209993,2,1.2865294652890955,4.33357509,5.79223668,0.7481695464833802,11.262021258863376,0.46189641125755837,0.3646523052575584,1.5805942260201624_1.5114105329055514_3.054066976106635_4.391394408239944_0.06573334309247653_3.7444742336415566_0.8985442315413691_1.9940308777758173_0.6875784565324091_0.7552667199949711_3.1821267393772517
4,4,4,5,0.6666666666666666,25,24.630757848960997,12.07392170347794,4,5.918599265018762,50.81188339,84.69069054,0.5999701155583469,41.798065002929626,25.0,25.0,22.649906416753552_23.68068204596623_40.33091745025413_7.05976008688697_29.432523244944107_10.414957751229199_7.135777061772783_15.054532807895402_9.192797382032248
4,4,6,5,0.13333333333333333,30,20.927279201585804,13.676570446502868,2,8.938026648202873,62.08099811,60.03665193,1.034051635364071,118.77074372153209,7.558632748204277,7.831212238870945,27.5700960877425_7.145621610276565_41.206362624880825_17.234569937671896_11.479745747357232_11.690234168916753_16.2964386278843_10.730713619399737_31.96130277378218_25.629811978639065_22.46224255291004
2,1,4,5,0.06666666666666667,20,0.8728207303988035,0.4484208200307455,4,0.23038090736590267,1.98737268,1.35965852,1.4616704494301995,9.987735725932277,0.5333575363954851,0.5752051470621518,0.337575094469225_1.0525625517734778_0.7281644807232857_1.5349228727943762_0.7108786522336529_3.7490946545289083_3.6804039620961713_0.48348416589266235_2.0747529434145346
4,1,6,5,0.13333333333333333,10,4.764028358775376,2.181738425501132,5,0.9991507604148144,14.97150047,20.07080008,0.7459344126953209,24.560967408160824,1.2785955917547764,0.5986889770881096,3.0688215842510673_5.497072152097829_3.78254115518629_3.208340259644154_8.26336664269754_6.226164721588304_3.2018697939684952_7.17981889530174_1.1527295005423337_3.249594977012437_3.550789519747515
2,6,7,5,0.13333333333333333,25,22.363372429724656,13.84920920674199,3,8.576550618866952,48.39365305,128.72187042,0.3759551729018451,75.7894846969595,3.6527775529279345,25.0,39.500993360655755_19.29374146519747_33.96483998770111_9.412190069495306_9.645097265573636_6.4316206299246375_8.376027637583913_2.4414155549911567_15.572858238035277_14.068237838624908_15.587848537652384_13.311476260147227
2,1,7,5,0.13333333333333333,20,1.8742036607577963,1.450989066321164,2,1.1233407097990085,6.21597256,7.10356708,0.8750494631775899,13.25524960593507,0.9385702727913426,0.8202243367913427,2.038704858888108_1.212324605630056_0.6864661000611743_1.1158545865648952_4.317668152644749_2.218527487362919_1.2996570067091273_4.302433179554941_0.9728806879124751_2.419844416655821_1.4913601412236575_0.5505466865161295
4,1,4,5,0.6666666666666666,30,3.549065006834501,1.1387273490829064,10,0.3653638276707538,9.16648811,10.09077849,0.9084024705412,13.976736666820448,3.2068323712136326,2.5906387845469654,4.0257816280961025_1.8694291064852724_3.4572322498327197_3.3927807313685987_5.000101318389812_2.5004658740558527_2.97461286886598_5.126089482976477_3.3755684409221387
4,2,6,5,0.6666666666666666,25,11.022333418213439,4.838766623912808,5,2.1242019772331995,36.56665937,51.65454487,0.7079078803622804,39.21088004292332,1.7628137819488785,25.0,15.777882868838073_12.757872889226315_14.833172257361689_5.402353824967904_6.3403852506732115_8.396121146604473_9.468839251729548_3.6267048304560823_0.8710538081352885_4.176381299973993_12.671779706023935
4,6,5,5,0.06666666666666667,30,29.90541767490511,7.535301535126454,16,1.8986783546222201,69.94906371,116.15577651,0.602200474325769,91.39825445452124,1.4299460496347487,30.0,35.89421949786521_28.061269611394145_22.24995848769146_39.50580333342691_23.815837444147824_4.170982484940774_13.357349242565142_8.90605328479478_16.405632995816188_48.55823644640435
3,6,3,5,0.06666666666666667,10,18.799164344992608,6.145217071872216,9,2.008796357508762,25.69781752,35.19523859,0.7301503995856276,20.462544750042564,10.0,10.0,12.012673489918487_15.362174395936552_28.149269489250962_20.875906240422573_17.59579810943447_4.328250795834194_8.988889225316946_7.1454047288914255
4,4,3,5,0.6666666666666666,10,16.28177699209363,4.524135879386104,13,1.2570989926399165,49.87985965,44.54626482,1.1197315835918384,39.449317023008234,10.0,10.0,16.564907551995713_21.834230044571203_13.306779683172255_10.491481660386782_19.211486020342196_11.912657824106873_11.677845280261682_15.858813918639678
2,6,6,5,0.6666666666666666,20,12.310391577743886,11.449303954970603,1,10.648447713905263,65.14207716,63.06440751,1.0329452020883656,69.93521102822247,3.1954225788149793,4.580535678814977,32.409222559527244_7.468015380590317_9.130982281417726_3.635728396577656_8.908009270606485_11.309479752004533_4.7055922031157085_11.739014319837523_13.516289963212367_18.59646679138554_10.068367998666801
3,2,5,5,0.06666666666666667,25,6.9661718714260275,2.4925274706747,8,0.8918374835899984,13.44406582,22.37684764,0.6008024917668877,25.830887186067418,0.8257880910711611,0.2302693030711611,6.929126970973925_5.818082860790671_6.287374971050952_11.16412930105772_4.632145253256869_3.7549375286187_0.9391142732797402_11.365472803596933_5.178154339246974_4.593208241325073
2,6,5,5,0.06666666666666667,30,10.70463298458445,3.562793598641353,9,1.1857948091073727,23.99774842,34.88662775,0.6878781346242329,40.925418720402284,1.1285113533601523,0.40258606469348546,7.932912961887692_12.688913529443244_7.021641448918331_10.147234271101432_15.73246271157155_3.3234048966641265_11.278948525740965_8.195238905107912_6.935550096118107_11.192276296771174
2,1,7,5,0.6666666666666666,30,1.7206428574665646,0.8317848329607251,4,0.40209739362309566,7.53991533,7.07180022,1.0661946174152528,9.87016167159174,1.5534975610611597,1.8655743010611598,1.5783742378912378_0.7985005384180331_2.8365285984630373_1.1246636645466823_2.2651472480138324_4.178809402404288_1.5503683970937727_1.7196216082402271_0.23947994035974807_1.3070102659365592_0.336761694293127_0.5381103632640177
3,4,7,5,0.13333333333333333,20,11.57892635609134,4.434894186285645,7,1.6986278208085581,54.98748851,61.96911497,0.887336999029599,64.85373967242347,1.3155001549897964,0.3846166269897964,15.982413460049937_6.823804097227186_6.8495301595842015_14.954795616266653_13.284088447328722_11.080431991982197_8.735099958935656_7.17915845100698_14.925130682326543_15.960320615162404_2.095668940036535_4.877929032973168
3,6,7,5,0.13333333333333333,25,11.171927834659085,9.557500823615547,1,8.176370573217124,84.84011446,23.20304852,3.6564210253179263,134.88039675409158,6.672037639212211,14.890313097878877,6.3260609815113416_24.767876905648457_2.314816890785573_17.494289357563865_4.956595037786192_16.44993318209494_42.584604015834934_13.486804517748894_19.986794229213768_21.829197575836726_6.5949277059177405_13.948135527444574
2,1,7,5,0.13333333333333333,20,1.9951272647774316,1.9112692803698683,1,1.8309359641241043,6.21597256,3.671004,1.6932622683058913,17.892723657160793,1.5569001462881056,1.896229287621439,2.0137611646511346_5.1864605816328755_0.5706524780346027_1.7363074887387047_0.4684546108298411_2.132599887594237_1.4295158884288588_0.15668376566928743_2.2039974255384394_5.0946696112089676_1.2960599300448898_5.579197148676114
3,1,6,5,0.6666666666666666,20,2.259992217056857,1.4086035577052103,3,0.8779516884194022,11.5733703,9.93956155,1.1643743279601704,21.08139501962521,6.338683146416805,7.427888979750138,2.773913202841988_1.5947586355237653_0.4403643650130989_2.25131537205765_4.239609509847783_1.2188460183906704_2.2386328817065504_4.2590463318030345_6.6529208724151445_3.271612865718902_3.4403360495909063
3,1,6,5,0.6666666666666666,25,2.0592525387731695,1.1270783420347896,3,0.6168770294879393,11.14946042,6.38408324,1.7464465923849704,16.65869213355603,3.6728211423706867,6.849739262370687,1.022518539761291_1.2343520479330747_3.8789373424658558_2.163328160927529_1.9971266027780974_0.9692047687721016_1.302254288258677_3.5856077266248048_1.660350014200536_2.2209397097920682_6.920335625907841
3,4,6,5,0.06666666666666667,25,11.509625863170303,8.65137908000797,2,6.5029359664505435,38.94431068,36.98639881,1.0529359962849545,56.67023991570884,1.1817286157139226,1.3122560737139228,10.410026137234333_17.198364159383626_2.6829842103071084_4.169869120161891_23.086885688764557_17.550852610060804_13.358998277651454_7.930947857554914_9.497394624478874_6.705529968356339_1.626516577606462
2,1,5,5,0.6666666666666666,10,2.444933564523914,2.5399325802207793,1,2.6386228262702085,5.79931678,7.2050148,0.804900051003365,11.570180002347868,3.847242148231912,2.910110134898579,6.894915174864571_0.7895968664897384_2.1563698764053676_1.3316491308711886_1.0521367739887042_2.649567362053279_1.9334110916568867_3.0336800050323762_0.6144525103383218_3.3390690332670045
2,4,3,5,0.06666666666666667,20,11.033388500838374,6.3681178874320326,3,3.6754733530094033,5.8959898,11.98768548,0.49183721159824756,40.768761718908145,2.324851461260543,1.9187384159272096,17.430128205897052_16.20337945059217_12.380882949313635_6.7396379323415285_2.4129139660474808_18.633896172369713_11.617028638656661_10.517836907881772
3,2,7,5,0.06666666666666667,20,7.001987496275074,3.5664176958979468,4,1.8165321186849401,22.92123332,30.71433774,0.7462714486644828,64.74117362520458,2.7879960203469722,2.268455725680305,5.52121545125225_3.8178084389677935_4.4603713607002735_12.354348064693212_8.856194165761838_6.694149923567043_4.062925790123768_7.182576008116467_14.610272033739669_13.862643772355309_13.78108383352003_4.547522263782303
3,6,4,5,0.06666666666666667,10,25.373481344316282,15.444924977262948,3,9.401378719625939,40.36326686,70.26379973,0.574453232177912,67.9151855678434,1.8367945805228927,10.0,22.902110358333_37.61790488998739_11.307552930290962_44.711261772844786_10.328576770125276_29.8053075176242_3.545251788803131_6.253215970427192_28.31141029098888
3,2,4,5,0.6666666666666666,10,9.65673101838745,4.937637082555098,4,2.5246907998784054,18.5983126,36.93935631,0.5034823141995352,20.07868167238116,0.9869127149207723,10.0,9.424518061920693_17.67194793211435_9.30574028704413_7.5964432849882915_4.285005525869788_4.06090573122108_4.238705308498578_6.542741296915763_5.23632933574574
4,2,3,5,0.13333333333333333,20,9.560706748402671,4.426696981231331,5,2.0496022605145234,10.8473422,15.80252167,0.6864310916018506,24.548725615162358,1.8268511220216477,1.1661605260216477,4.752309325500893_10.443071931579542_7.993331981375918_16.6049622660241_8.009858237532901_8.813353361648256_6.9249212864199325_8.81045096709417
2,6,6,5,0.6666666666666666,25,15.536686595951885,7.7927685127115485,4,3.9086352625875307,59.54847381,81.83862397,0.7276328818997371,84.17111815555089,16.415096230367258,1.5549961237005903,16.433037728394968_19.360198038103_25.422243750816843_4.835234591032602_11.632718871412013_24.024184651563807_14.3399382192584_6.74440561082379_7.803886729467069_13.700295318932877_17.558407625504934
3,2,7,5,0.06666666666666667,30,5.793310928842498,2.9467894597312556,4,1.498895575714974,21.89584516,23.95851772,0.9139065035614399,50.01928604144359,1.8748960587629062,1.737384554762906,4.686746411424227_5.065689978058719_3.6993517837635066_10.988523146413828_4.52624332455221_5.224760391953931_2.1898348085508785_16.166557122724242_3.2173394487972797_5.428689214478641_13.500147674029414_4.291957380909205
3,4,4,5,0.06666666666666667,10,9.937052972464018,7.319484757276302,2,5.3914231171412945,24.71357168,18.37806206,1.3447321920731397,66.52362095377049,2.787336618251366,3.2097039262513656,8.41505483630392_3.775439522205054_20.467851875369877_3.0790087223903546_13.947909906050883_3.3723240170952735_14.87081576534093_17.25133887719874_31.02914229413554
2,4,4,5,0.6666666666666666,30,7.986220980200938,5.231886948190259,2,3.427483550293004,17.91175982,14.57667681,1.2287958396465264,35.945120945628474,12.022240750418982,14.245629423752314,2.0640346889261076_2.7273785562128823_11.536731162626952_13.389611373160877_10.213349120077869_7.344598479511559_11.224709898323082_1.2227858574110826_16.15302671038275
2,4,7,5,0.06666666666666667,10,10.335601250927562,10.372223019056896,1,10.408974547794093,31.1722134,34.29623875,0.9089105550969492,70.3235410423472,2.610088509489813,2.401820152823147,0.593752807976826_1.049144953406107_12.825767456904103_25.89281908110085_11.316521955249925_5.491444927956723_7.253648345740528_25.78744518595954_5.081669001342701_6.851616851697967_10.539721831613353_9.317994898036392
2,4,4,5,0.13333333333333333,20,6.4755416722700225,4.122723134924702,2,2.624775950408649,12.61090558,7.46154796,1.690119214887416,54.75821074639328,5.619640688852438,6.306221704852438,3.7136769577533886_2.379400837814416_12.293163610527383_9.139934226947748_4.851532728307179_26.251788301966382_8.073530066509331_13.602325256807369_6.8305671211102
4,1,7,5,0.06666666666666667,20,2.4638134852066034,0.9102682317860401,7,0.3363031571886224,15.98517225,10.45446514,1.5290282224806386,31.63783696810564,1.0435109812070427,1.4122247885403758,2.6800466092408413_2.8990511604254285_3.600467184963991_1.87592779602499_1.2635746753777657_3.537083482825222_3.6062831204017036_9.745697250881491_2.7028214037731177_3.7617672340938566_3.6765121821783273_4.607672293951917
2,4,4,5,0.06666666666666667,10,9.532691593151572,7.131625495596049,2,5.335332808414177,12.61090558,18.13577544,0.695360704135406,12.791312323114013,0.01202711620760084,10.0,11.748945109402548_2.8967913831112218_5.90080009459035_20.937115990364877_6.179805388288865_3.6903585376813295_2.199924200825601_3.2941593855058025_3.6068701991012797
3,1,6,5,0.13333333333333333,25,2.6452476983323043,1.7738849455740446,2,1.1895550659085903,8.90398435,5.69462734,1.5635763006750147,9.723144770377303,0.10922138938364039,0.5371356573836403,2.6077415894912552_5.3739310324723295_1.832664133875538_2.871005079915833_0.5408966559065663_1.2486694275733299_2.1124761168090274_2.412957474152256_1.3142432299421105_1.0618979164390092_1.5729006054615704
4,6,7,5,0.6666666666666666,30,22.998897368280247,5.694359631281575,16,1.4098820083040304,160.25844405,143.89512753,1.11371696040638,200.18065687741364,26.614808551609087,37.52368623160909,24.37841259890609_30.487117873596603_25.49257156298517_16.622782797663817_18.013602008249556_29.355503404808438_19.4238979540916_59.96630587038665_22.3992214314121_13.922225277365081_31.899349213685852_23.214153725663955
4,1,7,5,0.06666666666666667,20,5.538129049753817,1.2483667760629678,20,0.28139821112458974,15.98517225,30.88692422,0.5175384941582895,21.590881712810848,0.3737139641873899,20.0,3.4182413866536425_6.261557966789252_5.452327923834219_6.044209702735561_6.51430826875641_1.2668743797938378_5.518542813383821_3.7615644664777625_2.7338426794957673_2.037346430182806_4.259174628905902_2.0135363145709544
3,4,4,5,0.06666666666666667,30,13.057401262580594,4.79107539900683,7,1.7579610994073005,20.23439094,28.51128324,0.7096976579297594,53.319426024654504,2.205669005643634,1.6538761856436335,12.043751053713148_14.475273897221541_5.4211974635686575_15.204144078621988_18.14263981977764_9.658340926642262_28.877522446664788_5.930532963167239_8.853029688180218
2,4,3,5,0.06666666666666667,10,10.3909365648741,5.039677153253325,4,2.444278785694932,7.23066448,13.74410108,0.5260922076978788,12.026119689223403,0.3196970139482269,10.0,7.106859097373762_15.249418419398697_15.712332425296854_9.691680476228278_4.194392406072901_4.4021322891498755_4.736585890301646_2.8874015097718826
3,6,7,5,0.06666666666666667,25,16.351462510125675,10.60240785104095,2,6.874678773853042,76.69281832,50.12430787,1.5300524152654,161.43014293213238,5.649154974142159,7.420389004142159,30.634964658058188_12.405979056183412_8.450049180172552_6.059624679028057_24.20669497718616_12.44088172758634_9.803299419698558_35.37174180405678_5.025031875798957_38.40044550638183_33.11459803832271_27.274144560287233
2,6,7,5,0.6666666666666666,10,13.595101283988946,6.926466351905359,4,3.528913475663381,117.58594571,113.11521179,1.0395237196593856,75.13086077809842,10.0,10.0,18.112777515017083_7.543132711887481_10.064173741799472_23.52947948830986_8.725942962930837_16.709966305967164_6.918697001503734_7.869813995306903_9.015979880508727_9.23690876766893_13.547136233208843_11.83235859393413
2,1,4,5,0.6666666666666666,10,1.3871451012424527,0.7621360378582307,3,0.4187387027369951,4.07586429,2.61111061,1.5609696021265067,8.43371963212422,2.9052368947494793,3.881739348082813,0.5594573721460468_1.8803400864524453_1.2805226134827694_2.4097118852751795_0.8056935488558226_3.023685279009063_0.6781606373108372_3.4942763502321106_1.2375973655722092
